time_utc,open,high,low,close
2026-09-24T00:00:00,115909000.0,116014000.0,114127000.0,115122000.0
2026-09-25T00:00:00,115123000.0,115563000.0,113000000.0,113657000.0
2026-09-26T00:00:00,113657000.0,114855000.0,113499000.0,114855000.0
2026-09-27T00:00:00,114855000.0,115571000.0,114350000.0,114450000.0
2026-09-28T00:00:00,114455000.0,115158000.0,112019000.0,113497000.0
2026-09-29T00:00:00,113499000.0,114400000.0,112413000.0,113587000.0
2026-09-30T00:00:00,113587000.0,115937000.0,112713000.0,113740000.0
2026-10-01T00:00:00,113750000.0,115800000.0,113500000.0,115657000.0
2026-10-02T00:00:00,115657000.0,117646000.0,114444000.0,115050000.0
2026-10-03T00:00:00,115050000.0,115540000.0,114878000.0,115183000.0
2026-10-04T00:00:00,115216000.0,117160000.0,115130000.0,116868000.0
2026-10-05T00:00:00,116900000.0,117429000.0,115500000.0,115998000.0
2026-10-06T00:00:00,116000000.0,116769000.0,115456000.0,115969000.0
